year,title,url,count
2020,2WikiMultiHopQA: Comprehensive Evaluation of Reasoning Steps,https://aclanthology.org/2020.coling-main.580.pdf,1
2023,4D-Former: Multimodal 4D Panoptic Segmentation,https://proceedings.mlr.press/v229/athar23a/athar23a.pdf,1
2006,A Fast Learning Algorithm for Deep Belief Nets,MISSING,1
1980,A Feature-Integration Theory of Attention,https://pubmed.ncbi.nlm.nih.gov/7351125/,1
2019,A Framework for Intelligence and Cortical Function Based on Grid Cells in the Neocortex,https://www.frontiersin.org/journals/neural-circuits/articles/10.3389/fncir.2018.00121/full,1
1999,A Framework for Temporal Abstraction in Reinforcement Learning,https://www.sciencedirect.com/science/article/pii/S0004370299000521,1
2023,A Length-Extrapolatable Transformer,https://aclanthology.org/2023.acl-long.816.pdf,1
2023,A Length-Extrapolatable Transformer (XPOS / LeX),"https://aclanthology.org/2023.acl-long.816.pdf ""XPOS / LeX (2023) — ACL Anthology""",1
1957,A Markovian Decision Process,https://www.jstor.org/stable/24900506,1
1948,A Mathematical Theory of Communication,https://people.math.harvard.edu/~ctm/home/text/others/shannon/entropy/entropy.pdf,1
2001,A Natural Policy Gradient,https://papers.neurips.cc/paper/2073-a-natural-policy-gradient.pdf,1
2003,A Neural Probabilistic Language Model,https://www.jmlr.org/papers/volume3/bengio03a/bengio03a.pdf,1
2021,A Neurosymbolic Approach to Abstraction and Reasoning,https://dspace.mit.edu/bitstream/handle/1721.1/139305/Alford-salford-meng-eecs-2021-thesis.pdf,1
1960,A New Approach to Linear Filtering and Prediction Problems,https://asmedigitalcollection.asme.org/fluidsengineering/article/82/1/35/397706/A-New-Approach-to-Linear-Filtering-and-Prediction,1
2021,A Simple and Effective Positional Encoding for Transformers,https://aclanthology.org/2021.emnlp-main.236.pdf,1
2024,A Survey on Evaluation of Large Language Models,https://dl.acm.org/doi/full/10.1145/3641289,1
1984,A Theory of the Learnable (PAC Learning),https://en.wikipedia.org/wiki/Probably_approximately_correct_learning,1
2006,A free energy principle for the brain,https://pubmed.ncbi.nlm.nih.gov/17097864/,1
2020,AI Feynman,https://www.science.org/doi/10.1126/sciadv.aay2631,1
2024,ASGFormer: Point cloud semantic segmentation with adaptive spatial graph transformer,https://www.sciencedirect.com/science/article/pii/S156984322400459X,1
1999,Actor-Critic Algorithms,https://papers.nips.cc/paper/1786-actor-critic-algorithms,1
2025,Adaptive Patch Selection for ViTs via Reinforcement Learning,"https://doi.org/10.1007/s10489-025-06516-z ""Adaptive Patch Selection for ViTs via RL (2025) — Springer""",1
2025,Adaptive Thinking Using Dynamic Computation,https://proceedings.iclr.cc/paper_files/paper/2025/file/955499a8e2860ed746717c1374224c43-Paper-Conference.pdf,1
1976,"Adaptive pattern classification and universal recoding: II. Feedback, expectation, olfaction, illusions",https://pubmed.ncbi.nlm.nih.gov/963125/,1
2024,Advancing Process Verification for LLM Reasoning,https://aclanthology.org/2024.emnlp-main.125.pdf,1
2020,Agent57: Outperforming the Atari Human Benchmark,https://proceedings.mlr.press/v119/badia20a.html,1
1970,Algoritmin kumulatiivinen pyoristysvirhe yksittaisten pyoristysvirheiden Taylor-kehitelmana (The representation of the cumulative rounding error ...),https://www.idsia.ch/~juergen/linnainmaa1970thesis.pdf,1
1913,"An Example of Statistical Investigation of the Text ""Eugene Onegin"" Concerning the Connection of Samples in Chains",https://nessie.ilab.sztaki.hu/~kornai/2021/KalmanCL/markov_1913.pdf,1
2001,An Integrative Theory of Prefrontal Cortex Function,https://pubmed.ncbi.nlm.nih.gov/11283309/,1
2002,Approximately Optimal Approximate Reinforcement Learning,https://people.eecs.berkeley.edu/~pabbeel/cs287-fa09/readings/KakadeLangford-icml2002.pdf,1
2025,Arithmetic-Bench: Evaluating Multi-Step Reasoning in LLMs through Basic Arithmetic Operations,https://openreview.net/forum?id=ae6bKeffGZ,1
2017,Attention Is All You Need,https://papers.neurips.cc/paper/7181-attention-is-all-you-need.pdf,1
2014,Auto-Encoding Variational Bayes (VAE),MISSING,1
2025,"Autoregressive Modeling as Iterative Latent Equilibrium (Equilibrium Transformers, EqT)",https://arxiv.org/pdf/2511.21882.pdf,1
2018,BERT: Pre-training of Deep Bidirectional Transformers for Language Understanding,MISSING,1
2025,BIG-Bench Extra Hard (BBEH),https://aclanthology.org/2025.acl-long.1285/,1
2025,BWFormer: Building Wireframe Reconstruction from Airborne LiDAR Point Cloud with Transformer,https://cvpr.thecvf.com/virtual/2025/poster/32868,1
2016,BlinkFill: Semi-supervised Programming By Example for Syntactic String Transformations,https://www.vldb.org/pvldb/vol9/p816-singh.pdf,2
1972,Broadcast Channels,https://isl.stanford.edu/~cover/papers/transIT/0002cove.pdf,1
2025,CABLE: Context-aware Biases for Length Extrapolation,https://aclanthology.org/2025.emnlp-main.1545.pdf,1
2017,CLEVR: A Diagnostic Dataset for Compositional Language and Elementary Visual Reasoning,https://openaccess.thecvf.com/content_cvpr_2017/papers/Johnson_CLEVR_A_Diagnostic_CVPR_2017_paper.pdf,1
2019,CLUTRR: A Diagnostic Benchmark for Inductive Reasoning from Text,https://aclanthology.org/D19-1458.pdf,1
2025,CamPoint: Boosting Point Cloud Segmentation with Virtual Camera,https://cvpr.thecvf.com/virtual/2025/poster/34611,1
1935,Can Quantum-Mechanical Description of Physical Reality Be Considered Complete?,https://link.aps.org/doi/10.1103/PhysRev.47.777,1
2012,Canonical Microcircuits for Predictive Coding,"https://pubmed.ncbi.nlm.nih.gov/23238495/ ""Canonical Microcircuits for Predictive Coding (2012) — PubMed""",1
1990,Cellular and circuit basis of working memory in prefrontal cortex of nonhuman primates,https://pubmed.ncbi.nlm.nih.gov/2094903/,1
1995,Cellular basis of working memory,https://pubmed.ncbi.nlm.nih.gov/7695894/,1
1924,Certain Factors Affecting Telegraph Speed,https://monoskop.org/images/9/9f/Nyquist_Harry_1924_Certain_Factors_Affecting_Telegraph_Speed.pdf,1
2025,ChartQAPro: A More Diverse and Challenging Benchmark for Real-World Chart QA,https://arxiv.org/pdf/2504.05506.pdf,1
2021,CoAtNet: Marrying Convolution and Attention,https://proceedings.neurips.cc/paper/2021/hash/20568692db622456cc42a2e853ca21f8-Abstract.html,1
1948,Cognitive Maps in Rats and Men,https://pubmed.ncbi.nlm.nih.gov/18870876/,1
2019,CommonsenseQA: A Question Answering Challenge Targeting Commonsense Knowledge,https://aclanthology.org/N19-1421/,1
2022,Constitutional AI,MISSING,1
2025,Context-aware Biases for Length Extrapolation (CABLE),https://aclanthology.org/2025.emnlp-main.1545.pdf,1
2007,Core Knowledge,"https://www.harvardlds.org/wp-content/uploads/2017/01/SpelkeKinzler07-1.pdf ""Core Knowledge (2007) — Harvard LDS""",1
2024,DAPE: Data-Adaptive Positional Encoding for Length Extrapolation,"https://proceedings.neurips.cc/paper_files/paper/2024/file/2f050fa9f0d898e3f265d515f50ae8f9-Paper-Conference.pdf ""DAPE (2024) — NeurIPS Proceedings""",1
2025,DCT: Dynamic Clustering Transformer for LiDAR-Based 3D,https://www.sciencedirect.com/science/article/abs/pii/S0031320325011069,1
2019,DROP: Discrete Reasoning Over Paragraphs,https://aclanthology.org/N19-1246/,1
2025,DT-NVS: Diffusion Transformers for Novel View Synthesis,https://arxiv.org/pdf/2511.08823.pdf,1
2017,Dataset for Learning Karel Programs (MSR Karel Dataset),https://msr-redmond.github.io/karel-dataset/,1
2024,DeLiVoTr: Deep and Light-weight Voxel Transformer for 3D Object Detection,https://www.sciencedirect.com/science/article/pii/S2667305324000371,1
2019,Deep Equilibrium Models (DEQ),https://implicit-layers-tutorial.org/deep_equilibrium_models/,1
Year unknown,DeepCoder DSL tasks,https://openreview.net/pdf?id=ByldLrqlx,1
2016,DeepCoder: Learning to Write Programs,https://openreview.net/pdf?id=ByldLrqlx,1
2021,DeiT: Data-efficient Image Transformers,https://proceedings.mlr.press/v139/touvron21a.html,1
2020,Depth-Adaptive Transformers,https://jiataogu.me/papers/elbayad2020depth.pdf,1
2020,Depth-adaptive / early-exit Transformers (dynamic depth),MISSING,1
1963,Deterministic Nonperiodic Flow,https://journals.ametsoc.org/view/journals/atsc/20/2/1520-0469_1963_020_0130_dnf_2_0_co_2.xml,1
2014,Deterministic Policy Gradient Algorithms,https://proceedings.mlr.press/v32/silver14.html,1
2024,DiffSAT: Differential MaxSAT Layer for SAT Solving,https://www.cse.cuhk.edu.hk/~byu/papers/C237-ICCAD2024-DiffSAT.pdf,1
2019,Differentiable Convex Optimization Layers,https://openreview.net/forum?id=1EuxRTe0WN,1
2016,Differentiable Neural Computer (DNC),https://www.nature.com/articles/nature20101,1
2016,Differentiable Neural Computer (DNC),MISSING,1
2023,DiffusionDet: Diffusion Model for Object Detection,https://openaccess.thecvf.com/content/ICCV2023/papers/Chen_DiffusionDet_Diffusion_Model_for_Object_Detection_ICCV_2023_paper.pdf,1
2019,Dream to Control: Learning Behaviors by Latent Imagination (Dreamer),https://openreview.net/forum?id=S1lOTC4tDS,1
2020,DreamCoder,https://courses.cs.washington.edu/courses/cse599j1/22sp/papers/dreamcoder.pdf,1
2024,DriveWorld: 4D Pre-trained Scene Understanding via World Models for Autonomous Driving,https://openaccess.thecvf.com/content/CVPR2024/papers/Min_DriveWorld_4D_Pre-trained_Scene_Understanding_via_World_Models_for_Autonomous_CVPR_2024_paper.pdf,2
2014,Dropout: A Simple Way to Prevent Neural Networks from Overfitting,https://www.jmlr.org/papers/volume15/srivastava14a/srivastava14a.pdf,1
1957,Dynamic Programming,https://gwern.net/doc/statistics/decision/1957-bellman-dynamicprogramming.pdf,1
2005,Dynamic dopamine modulation in the basal ganglia,https://pubmed.ncbi.nlm.nih.gov/15701239/,1
2025,DynamicCity,https://arxiv.org/pdf/2410.18084.pdf,1
1908,"Early gradient/variation method note often attributed to Hadamard's ""methode"" discussions",https://people.idsia.ch/~juergen/who-invented-backpropagation-2014.html,1
2025,Efficiently Allocating Test-Time Compute for LLM Agents,https://arxiv.org/pdf/2509.03581.pdf,1
2015,End-to-End Memory Networks (MemN2N),MISSING,1
2024,Enhanced Enumeration Techniques for Syntax-Guided Synthesis,https://dl.acm.org/doi/10.1145/3632913,1
2024,Enhanced Scene Understanding on 4D Point Cloud,https://ojs.aaai.org/index.php/AAAI/article/view/28045,1
2025,Enhancing Modern SAT Solver With Machine Learning,https://dl.acm.org/doi/full/10.1145/3716368.3735251,1
2021,EntailmentBank: Explaining Answers with Entailment Trees,https://aclanthology.org/2021.emnlp-main.585.pdf,1
1972,Excitatory and Inhibitory Interactions in Localized Populations of Model Neurons,https://pubmed.ncbi.nlm.nih.gov/4332108/,1
2024,Exploring Context Window of LLMs,https://proceedings.neurips.cc/paper_files/paper/2024/file/1403ab1a427050538ec59c7f570aec8b-Paper-Conference.pdf,1
2000,Feedforward and Recurrent Processing in Vision,"https://pubmed.ncbi.nlm.nih.gov/10925037/ ""Feedforward and Recurrent Processing in Vision (2000) — PubMed""",1
2024,Fixed Point Diffusion Models,"https://openaccess.thecvf.com/content/CVPR2024/papers/Bai_Fixed_Point_Diffusion_Models_CVPR_2024_paper.pdf ""Fixed Point Diffusion Models (2024) — CVF / CVPR""",1
2024,Fixed Point Diffusion Models (FPDM),https://arxiv.org/pdf/2401.08741.pdf,1
2024,FlashAttention-2 / efficient attention kernels,MISSING,1
2015,"General Program Synthesis Benchmark Suite (PSB / ""PSB1"")",https://www.cs.hamilton.edu/~thelmuth/Pubs/2015-GECCO-benchmark-suite.pdf,1
2015,General Program Synthesis Benchmark Suite (PSB / PSB1),https://www.cs.hamilton.edu/~thelmuth/Pubs/2015-GECCO-benchmark-suite.pdf,1
2014,Generative Adversarial Networks (GANs),MISSING,1
2020,Generative Pretraining from Pixels,"https://cdn.openai.com/papers/Generative_Pretraining_from_Pixels_V2.pdf ""Generative Pretraining from Pixels (2020) — OpenAI""",2
2020,Generative Pretraining from Pixels (iGPT),https://cdn.openai.com/papers/Generative_Pretraining_from_Pixels_V2.pdf,1
2024,Generative Verifiers / GenRM: Reward Modeling as Next-Token Prediction,https://neurips.cc/virtual/2024/104300,1
2025,Graph Perceiver IO,https://www.sciencedirect.com/science/article/abs/pii/S0031320325005497,1
2025,HARPE: Head-Adaptive Rotary Position Encoding,https://aclanthology.org/2025.coling-main.326/,1
2018,"HotpotQA: A Dataset for Diverse, Explainable Multi-hop Question Answering",https://aclanthology.org/D18-1259/,1
2020,How Can Self-Attention Networks Recognize Dyck-n Languages?,https://aclanthology.org/2020.findings-emnlp.384.pdf,1
2020,How Much Position Information Do Convolutional Neural Networks Encode?,https://openreview.net/pdf/2267055f8221e283014aba7ef46092ba93ff450f.pdf,1
2015,Human-level Control through Deep Reinforcement Learning (DQN),https://web.stanford.edu/class/psych209/Readings/MnihEtAlHassibis15NatureControlDeepRL.pdf,2
2013,ICFP Programming Competition,https://dspace.mit.edu/bitstream/handle/1721.1/137904/1611.07627.pdf?isAllowed=y&sequence=2,1
2012,ImageNet Classification with Deep Convolutional Neural Networks (AlexNet),MISSING,1
2024,Implicit Factorized Transformer (IFactFormer),https://www.sciencedirect.com/science/article/pii/S2095034924000382,1
1957,Information Theory and Statistical Mechanics,https://bayes.wustl.edu/etj/articles/theory.1.pdf,1
2021,Jacobian regularization for equilibrium models,MISSING,1
2022,Jacobian-Free Backpropagation for Implicit Networks (JFB),https://www.math.emory.edu/site/cmds-reuret/projects/2022-implicit/JFB.pdf,1
2020,Just-in-Time Learning for Bottom-Up Enumerative Synthesis (PROBE),https://cseweb.ucsd.edu/~hpeleg/probe-oopsla20.pdf,1
Year unknown,Karel dataset,https://msr-redmond.github.io/karel-dataset/,1
2022,LAION-5B: An open large-scale dataset for training next generation image-text models,https://laion.ai/laion-5b-a-new-era-of-open-large-scale-multi-modal-datasets/,1
2022,LIFT: Learning 4D LiDAR Image Fusion Transformer for 3D Object Detection,https://openaccess.thecvf.com/content/CVPR2022/papers/Zeng_LIFT_Learning_4D_LiDAR_Image_Fusion_Transformer_for_3D_Object_CVPR_2022_paper.pdf,2
2024,LTD-Bench: Evaluating Large Language Models by Letting Them Draw,https://openreview.net/forum?id=TG5rvKyEbu,1
2025,LVSM: A Large View Synthesis Model with Minimal 3D Inductive Bias,https://proceedings.iclr.cc/paper_files/paper/2025/hash/9676c5283df26cabca412ca66b164a7d-Abstract-Conference.html,1
2020,Language Models are Few-Shot Learners (GPT-3),MISSING,1
2021,Latent Execution for Neural Program Synthesis (LaSynth),https://proceedings.neurips.cc/paper/2021/file/ba3c95c2962d3aab2f6e667932daa3c5-Paper.pdf,1
2023,LeaF: Learning Frames for 4D Point Cloud Sequence Understanding,https://openaccess.thecvf.com/content/ICCV2023/papers/Liu_LeaF_Learning_Frames_for_4D_Point_Cloud_Sequence_Understanding_ICCV_2023_paper.pdf,1
2018,Learning Explanatory Rules from Noisy Data / Differentiable ILP (dILP),https://jair.org/index.php/jair/article/view/11172/26376,1
2025,Learning Modular Exponentiation with Transformers,https://arxiv.org/pdf/2506.23679.pdf,1
1986,Learning Representations by Back-Propagating Errors,https://www.nature.com/articles/323533a0,1
2012,Learning Semantic String Transformations from Examples,https://vldb.org/pvldb/vol5/p740_rishabhsingh_vldb2012.pdf,1
2012,Learning Semantic String Transformations from Examples,MISSING,1
1988,Learning to Predict by the Methods of Temporal Differences,https://incompleteideas.net/papers/sutton-88-with-erratum.pdf,1
2003,Least-Squares Policy Iteration (LSPI),https://www.jmlr.org/papers/v4/lagoudakis03a.html,1
2024,Length Extrapolation of Causal Transformers without Position Encoding (NoPE),"https://aclanthology.org/2024.findings-acl.834.pdf ""NoPE (2024) — ACL Anthology""",1
2024,Length Extrapolation of Transformers: A Survey from the Perspective of Positional Encoding,"https://aclanthology.org/2024.findings-emnlp.582.pdf ""Length Extrapolation Survey (2024) — ACL Anthology""",1
2025,Less is More: Recursive Reasoning with Tiny Networks (TRM),https://ar5iv.org/abs/2510.04871,1
2017,Lie-Access Neural Turing Machines (LANTM),https://openreview.net/pdf?id=Byiy-Pqlx,1
2018,ListOps: A Diagnostic Dataset for Latent Tree Learning,https://aclanthology.org/N18-4013/,1
2023,LogiQA 2.0 - An Improved Dataset for Logical Reasoning in NLU,https://frcchang.github.io/pub/An%20Improved%20Dataset%20for%20Logical%20Reasoning%20in%20Natural%20Language%20Understanding.pdf,1
2020,LogiQA: A Challenge Dataset for Machine Reading Comprehension with Logical Reasoning,https://www.ijcai.org/proceedings/2020/501,1
1997,Long Short-Term Memory (LSTM),https://www.bioinf.jku.at/publications/older/2604.pdf,1
2024,"MHaluBench (from ""Unified Hallucination Detection..."")",https://aclanthology.org/2024.acl-long.178.pdf,1
2025,MMMU-Pro: A More Robust Multi-discipline Multimodal Understanding and Reasoning Benchmark,https://aclanthology.org/2025.acl-long.736.pdf,1
2024,MT-Bench-101,https://aclanthology.org/2024.acl-long.401.pdf,1
2024,MVBench: A Comprehensive Multi-modal Video Understanding Benchmark,https://openaccess.thecvf.com/content/CVPR2024/papers/Li_MVBench_A_Comprehensive_Multi-modal_Video_Understanding_Benchmark_CVPR_2024_paper.pdf,1
2024,Machine Learning for Modular Multiplication,https://arxiv.org/pdf/2402.19254.pdf,1
2006,Making Working Memory Work: A Computational Model of Learning in the Prefrontal Cortex and Basal Ganglia,https://pubmed.ncbi.nlm.nih.gov/16378516/,1
2021,MaskFormer,https://openaccess.thecvf.com/content/ICCV2023/papers/Chen_DiffusionDet_Diffusion_Model_for_Object_Detection_ICCV_2023_paper.pdf,1
2019,"Mastering Atari, Go, Chess and Shogi by Planning with a Learned Model (MuZero)",https://www.nature.com/articles/s41586-020-03051-4,1
2020,"Mastering Atari, Go, Chess and Shogi by Planning with a Learned Model (MuZero)",https://www.nature.com/articles/s41586-020-03051-4,1
2025,Mastering diverse control tasks through world models (DreamerV3),https://www.nature.com/articles/s41586-025-08744-2,1
2025,MathClean: A Benchmark for Synthetic Mathematical Data,https://arxiv.org/pdf/2502.19058.pdf,1
2025,Maximizing the Position Embedding for Vision Transformers (MPVG),"# ""MPVG (2025) — Local Copy (no public PDF link provided)""",1
2019,Megatron-LM / large-scale transformer training,MISSING,1
2022,Memorizing Transformers / kNN-augmented attention (inference-time memory),MISSING,1
2024,Mesa-Extrapolation: A Weave Position Encoding Method for Enhanced Extrapolation in LLMs,"https://proceedings.neurips.cc/paper_files/paper/2024/file/9446c291a8744a125a0bda5b18f4d5a1-Paper-Conference.pdf ""Mesa-Extrapolation (2024) — NeurIPS Proceedings""",1
1847,Methode generale pour la resolution des systemes d'equations simultanees,https://ems.press/content/book-chapter-files/27368?nt=1,1
2005,Microstructure of a spatial map in the entorhinal cortex,https://www.nature.com/articles/nature03721,1
2021,Muesli: Combining Improvements in Policy Optimization,https://proceedings.mlr.press/v139/hessel21a/hessel21a.pdf,1
2019,NLVR2: A Corpus for Reasoning about Natural Language Grounded in Photographs,https://lil.nlp.cornell.edu/nlvr/,1
2008,Natural Actor-Critic,https://www.sciencedirect.com/science/article/pii/S0925231208000532,1
2005,Neural Fitted Q Iteration (NFQ),https://link.springer.com/chapter/10.1007/11564096_32,1
2016,Neural Module Networks (NMN),https://openaccess.thecvf.com/content_cvpr_2016/html/Andreas_Neural_Module_Networks_CVPR_2016_paper.html,1
2017,Neural Program Meta-Induction,https://papers.nips.cc/paper/6803-neural-program-meta-induction,1
2015,Neural Programmer-Interpreters (NPI),MISSING,1
2017,Neural Theorem Provers / Differentiable Proving,MISSING,1
1982,Neural networks and physical systems with emergent collective computational abilities,https://www.pnas.org/doi/10.1073/pnas.79.8.2554,1
1983,Neuronlike Adaptive Elements That Can Solve Difficult Learning Control Problems,https://incompleteideas.net/papers/barto-sutton-anderson-83.pdf,1
1961,New Results in Linear Filtering and Prediction Theory,https://asmedigitalcollection.asme.org/fluidsengineering/article/83/1/95/426820/New-Results-in-Linear-Filtering-and-Prediction,1
2019,OK-VQA: A Visual Question Answering Benchmark Requiring External Knowledge,https://openaccess.thecvf.com/content_CVPR_2019/papers/Marino_OK-VQA_A_Visual_Question_Answering_Benchmark_Requiring_External_Knowledge_CVPR_2019_paper.pdf,1
2024,OccSora,https://github.com/wzzheng/OccSora,1
2024,OccWorld: Learning a 3D Occupancy World Model for Autonomous Driving,https://www.ecva.net/papers/eccv_2024/papers_ECCV/papers/02024.pdf,2
2025,Olympiad-level formal mathematical reasoning with large language models (AlphaProof),"https://www.nature.com/articles/s41586-025-09833-y.pdf ""AlphaProof (2025) — Nature""",1
2023,"One-Step Diffusion Distillation via Deep Equilibrium Models (Generative Equilibrium Transformer, GET)",https://papers.neurips.cc/paper_files/paper/2023/file/82f05a105c928c10706213952bf0c8b7-Paper-Conference.pdf,1
2024,OneFormer3D: One Transformer for Unified Point Cloud Segmentation,https://openaccess.thecvf.com/content/CVPR2024/papers/Kolodiazhnyi_OneFormer3D_One_Transformer_for_Unified_Point_Cloud_Segmentation_CVPR_2024_paper.pdf,1
2024,Open3DIS: Open-Vocabulary 3D Instance Segmentation with 2D Mask Guidance,https://openaccess.thecvf.com/content/CVPR2024/papers/Nguyen_Open3DIS_Open-Vocabulary_3D_Instance_Segmentation_with_2D_Mask_Guidance_CVPR_2024_paper.pdf,1
2002,Optimal feedback control as a theory of motor coordination,https://pubmed.ncbi.nlm.nih.gov/12404008/,1
2004,Optimality principles in sensorimotor control,https://pubmed.ncbi.nlm.nih.gov/15332089/,1
2021,PCT: Point Cloud Transformer,https://link.springer.com/article/10.1007/s41095-021-0229-5,1
2025,PMFormer: Point mask transformer for outdoor point cloud semantic segmentation,https://www.sciopen.com/article/10.26599/CVM.2025.9450388,1
2024,POS-BERT: Point cloud one-stage BERT pre-training,https://www.sciencedirect.com/science/article/abs/pii/S0957417423030658,1
2021,PROGRES: A large-scale benchmark for few-shot program induction and synthesis,https://proceedings.mlr.press/v139/alet21a.html,1
Year unknown,PSB / PSB2,https://www.cs.hamilton.edu/~thelmuth/Pubs/2015-GECCO-benchmark-suite.pdf,1
2025,PV-DT3D: Point-voxel dual transformer for LiDAR 3D object detection,https://link.springer.com/article/10.1007/s11801-025-3134-9,1
2025,PanSt3R: Multi-view Consistent Panoptic Segmentation,https://openaccess.thecvf.com/content/ICCV2025/papers/Zust_PanSt3R_Multi-view_Consistent_Panoptic_Segmentation_ICCV_2025_paper.pdf,1
2021,Point 4D Transformer Networks for Spatio-Temporal Modeling in Point Cloud Videos (P4Transformer),https://openaccess.thecvf.com/content/CVPR2021/papers/Fan_Point_4D_Transformer_Networks_for_Spatio-Temporal_Modeling_in_Point_Cloud_CVPR_2021_paper.pdf,2
2022,Point Primitive Transformer for Long-Term 4D Point Cloud Video Understanding,https://www.ecva.net/papers/eccv_2022/papers_ECCV/papers/136890018.pdf,1
2020,Point Transformer,https://openaccess.thecvf.com/content/ICCV2021/papers/Zhao_Point_Transformer_ICCV_2021_paper.pdf,1
2021,Point Transformer,https://openaccess.thecvf.com/content/ICCV2021/papers/Zhao_Point_Transformer_ICCV_2021_paper.pdf,1
2024,"Point Transformer V3: Simpler, Faster, Stronger",https://openaccess.thecvf.com/content/CVPR2024/papers/Wu_Point_Transformer_V3_Simpler_Faster_Stronger_CVPR_2024_paper.pdf,2
2024,PointRegion: Transformer based 3D tooth segmentation via point cloud processing,https://pubmed.ncbi.nlm.nih.gov/39557955/,1
2000,Policy Gradient Methods for Reinforcement Learning with Function Approximation,https://papers.nips.cc/paper/1713-policy-gradient-methods-for-reinforcement-learning-with-function-approximation,1
1999,Predictive coding in the visual cortex,https://pmc.ncbi.nlm.nih.gov/articles/PMC4311762/,1
1999,Predictive coding in the visual cortex: a functional interpretation,https://pubmed.ncbi.nlm.nih.gov/10195184/,1
2023,Process Reward Models (PRM) introduced/standardized for reasoning traces,MISSING,1
2021,"ProofWriter: Generating Implications, Proofs, and Abductive Statements over Natural Language",https://aclanthology.org/2021.findings-acl.317.pdf,1
2023,QLoRA,MISSING,1
2025,R-PRM: Reasoning-Driven Process Reward Modeling,https://aclanthology.org/2025.emnlp-main.679.pdf,1
2020,REALM: Retrieval-Augmented Language Model Pre-Training,MISSING,1
1959,Receptive fields of single neurones in the cat's striate cortex,https://pmc.ncbi.nlm.nih.gov/articles/PMC1363130/,1
2019,Recurrent Experience Replay in Distributed Reinforcement Learning (R2D2),https://openreview.net/forum?id=r1lyTjAqYX,1
2018,Recurrent Relational Networks,"https://proceedings.neurips.cc/paper_files/paper/2018/file/b9f94c77652c9a76fc8a442748cd54bd-Paper.pdf ""Recurrent Relational Networks (2018) — NeurIPS""",1
2018,Recurrent Relational Networks (RRN),https://papers.neurips.cc/paper/7597-recurrent-relational-networks.pdf,1
2025,Reflection System for the Abstraction and Reasoning Corpus,https://openreview.net/forum?id=kRFwzuv0ze,1
2025,Relation3D: Enhancing Relation Modeling for Point Cloud Instance Segmentation,https://openaccess.thecvf.com/content/CVPR2025/html/Lu_Relation3D__Enhancing_Relation_Modeling_for_Point_Cloud_Instance_Segmentation_CVPR_2025_paper.html,1
2024,Repeated Examples Help Learn Arithmetic,https://openreview.net/pdf?id=qoUHqnE6A0,1
2024,Resonance RoPE: Improving Context Length Generalization of Large Language Models,https://aclanthology.org/2024.findings-acl.32.pdf,1
2025,RetentiveBEV: BEV transformer for visual 3D object detection,https://journals.sagepub.com/doi/10.1177/01423312241308367,1
2020,Rethinking Positional Encoding in Language Pre-training (TUPE),https://openreview.net/pdf?id=09-528y2Fgf,1
2025,Revisiting the Test-Time Scaling of o1-like Models,https://aclanthology.org/2025.acl-long.232.pdf,1
2024,RoPE scaling analysis + new scaling,https://aclanthology.org/2024.emnlp-main.414.pdf,1
2017,RobustFill: Neural Program Learning under Noisy I/O,https://github.com/thelmuth/program-synthesis-benchmark-datasets,1
2024,Rotary Position Embedding for Vision Transformer,https://www.ecva.net/papers/eccv_2024/papers_ECCV/papers/01584.pdf,1
2020,SE(3)-Transformers: 3D Roto-Translation Equivariant Attention Networks,https://proceedings.neurips.cc/paper/2020/hash/15231a7ce4ba789d13b722cc5c955834-Abstract.html,2
2024,SEED-Bench: Benchmarking Multimodal LLMs with Generative Comprehension,https://openaccess.thecvf.com/content/CVPR2024/papers/Li_SEED-Bench_Benchmarking_Multimodal_Large_Language_Models_CVPR_2024_paper.pdf,1
2022,SRBench,https://github.com/cavalab/srbench,1
2021,SRBench (Symbolic Regression Benchmarks),https://cavalab.github.io/symbolic-regression/,1
2024,SRBench++: principled benchmarking of symbolic regression,https://pmc.ncbi.nlm.nih.gov/articles/PMC12321164/,1
2024,SRBench++: principled benchmarking of symbolic regression,https://pubmed.ncbi.nlm.nih.gov/40761553/,1
2021,SVAMP: Simple Variations on Arithmetic Math Word Problems,https://aclanthology.org/2021.naacl-main.168/,1
2024,SWE-bench,https://proceedings.iclr.cc/paper_files/paper/2024/file/edac78c3e300629acfe6cbe9ca88fb84-Paper-Conference.pdf,1
2025,Scaling Transformer-Based Novel View Synthesis with Models Token Disentanglement and Synthetic Data,https://openaccess.thecvf.com/content/ICCV2025/papers/Nair_Scaling_Transformer-Based_Novel_View_Synthesis_with_Models_Token_Disentanglement_and_ICCV_2025_paper.pdf,1
2025,Scaling up Test-Time Compute with Latent Reasoning,https://neurips.cc/virtual/2025/poster/117966,1
2024,ScatterFormer: Efficient Voxel Transformer with Scattered Linear Attention,MISSING,1
2024,SegPoint: Segment Any Point Cloud via Large Language,MISSING,1
2023,Segment Anything (SAM),https://openaccess.thecvf.com/content/ICCV2023/papers/Kirillov_Segment_Anything_ICCV_2023_paper.pdf,1
2022,Self-Consistency for Chain-of-Thought,MISSING,1
1992,Separate visual pathways for perception and action,https://pubmed.ncbi.nlm.nih.gov/1374953/,1
2018,Set Transformer: A Framework for Attention-based Permutation-Invariant Neural Networks,MISSING,1
2020,Sharpness-Aware Minimization (SAM),MISSING,1
1992,Simple Statistical Gradient-Following Algorithms for Connectionist Reinforcement Learning (REINFORCE),https://link.springer.com/article/10.1007/BF00992696,1
2024,Simultaneous Instance Pooling & Bag Selection for MIL using ViTs,"https://doi.org/10.1007/s00521-024-09417-3 ""MIL with ViTs (2024) — Springer""",1
2020,Solver-in-the-Loop: Learning from Differentiable Physics to Interact with Iterative PDE Solvers,https://proceedings.neurips.cc/paper_files/paper/2020/hash/43e4e6a6f341e00671e123714de019a8-Abstract.html,1
2024,Solving olympiad geometry without human demonstrations (AlphaGeometry),"https://www.nature.com/articles/s41586-023-06747-5.pdf ""AlphaGeometry (2024) — Nature""",1
2025,SparseVoxFormer: Sparse Voxel-based Transformer for Multi-modal 3D Object Detection,https://arxiv.org/pdf/2503.08092.pdf,2
2024,Spherical Mask: Coarse-to-Fine 3D Point Cloud Instance Segmentation with Spherical Representation,https://openaccess.thecvf.com/content/CVPR2024/papers/Shin_Spherical_Mask_Coarse-to-Fine_3D_Point_Cloud_Instance_Segmentation_with_Spherical_CVPR_2024_paper.pdf,1
2015,Learning to Transduce with Unbounded Memory,https://arxiv.org/pdf/1506.02516.pdf,1
2020,Stand-Alone Axial-Attention for Panoptic Segmentation (Axial-DeepLab),https://www.cs.jhu.edu/~alanlab/Pubs20/wang2020axial.pdf,1
2021,StrategyQA: A Benchmark with Implicit Reasoning Strategies,https://aclanthology.org/2021.tacl-1.21/,1
2025,Streaming 4D Panoptic Segmentation via Dual Threads,https://arxiv.org/pdf/2510.17664.pdf,1
1995,Support-Vector Networks,https://link.springer.com/article/10.1007/BF00994018,1
Year unknown,SyGuS PBE-BV / PBE-Strings,https://sygus-org.github.io/comp/2019/,1
2019,"SyGuS-Comp ""PBE tracks"" mature (e.g., PBE-Strings, PBE-BV)",https://sygus-org.github.io/comp/2019/,1
2016,SyGuS-Comp 2016: Results and Analysis,https://dspace.mit.edu/bitstream/handle/1721.1/137904/1611.07627.pdf?isAllowed=y&sequence=2,1
2017,SyGuS-Comp track definitions (PBE-BV),https://sygus.org/comp/2017/,1
2015,SyGuS-Comp'15 Results/Analysis,https://rishabhmit.bitbucket.io/papers/synt15.pdf,1
Year unknown,"Symbolic regression benchmarks (AI Feynman, SRBench)",https://www.science.org/doi/10.1126/sciadv.aay2631,1
1977,Synergetics: An Introduction,https://books.google.com/books/about/Synergetics.html?id=KHn1CAAAQBAJ,1
2013,Syntax-Guided Synthesis (SyGuS),https://www.cis.upenn.edu/~alur/SyGuS13.pdf,2
2014,Syntax-Guided Synthesis (SyGuS) + SyGuS-Comp 2014,https://sygus.org/comp/2014/,1
1992,"TD-Gammon, a Self-Teaching Backgammon Program, Achieves Master-Level Play",https://cdn.aaai.org/Symposia/Fall/1993/FS-93-02/FS93-02-003.pdf,1
2025,TReB: A Comprehensive Benchmark for Evaluating Table Reasoning Evolution,https://arxiv.org/pdf/2506.18421.pdf,1
1992,Technical Note: Q-learning,https://link.springer.com/article/10.1023/A%3A1022676722315,1
2025,Test-Time Learning for Large Language Models (TLM / TTL),https://openreview.net/forum?id=iCYbIaGKSR&noteId=ScPdA3KZCL,1
2025,The Art of Scaling Test-Time Compute for LLMs,https://arxiv.org/pdf/2512.02008.pdf,1
2007,The Hidden Logic of Sudoku (Second Edition),"# ""The Hidden Logic of Sudoku (2007) — Book (local copy)""",1
2019,The Lottery Ticket Hypothesis,MISSING,1
1956,"The Magical Number Seven, Plus or Minus Two",https://pubmed.ncbi.nlm.nih.gov/13310704/,1
1949,The Organization of Behavior,https://www.dengfanxin.cn/wp-content/uploads/2016/03/1949Hebb.pdf,1
1957,The Perceptron,MISSING,1
2024,The Surprising Effectiveness of Test-Time Training for Few-Shot Learning,"https://ekinakyurek.github.io/papers/ttt.pdf ""Test-Time Training for Few-Shot Learning (2024) — Project Page""",1
1954,The Theory of Dynamic Programming,https://www.rand.org/content/dam/rand/pubs/papers/2008/P550.pdf,1
2010,The free-energy principle: a unified brain theory?,https://www.uab.edu/medicine/cinl/images/KFriston_FreeEnergy_BrainTheory.pdf,1
1971,The hippocampus as a spatial map,https://pubmed.ncbi.nlm.nih.gov/5124915/,1
2007,Toward an executive without a homunculus: computational models of the prefrontal cortex/basal ganglia system,https://royalsocietypublishing.org/doi/abs/10.1098/rstb.2007.2055,1
2025,Towards the Next Generation of Symbolic Regression Benchmarks (SRBench),https://arxiv.org/pdf/2505.03977.pdf,2
2022,Training Iterative Refinement Algorithms with Implicit Differentiation,https://proceedings.neurips.cc/paper_files/paper/2022/file/d301e2878a7ebadf1a95029e904fc7d0-Paper-Conference.pdf,1
2022,TransFusion: Robust LiDAR-Camera Fusion for 3D Object Detection with Transformers,https://openaccess.thecvf.com/content/CVPR2022/papers/Bai_TransFusion_Robust_LiDAR-Camera_Fusion_for_3D_Object_Detection_With_Transformers_CVPR_2022_paper.pdf,1
2019,Transformer-XL: Attentive Language Models Beyond a Fixed-Length Context,https://aclanthology.org/P19-1285.pdf,1
2023,Transformer-based 3D point cloud generation networks,https://dl.acm.org/doi/10.1145/3581783.3612226,1
2024,Transformers Can Do Arithmetic with the Right Embeddings,https://proceedings.neurips.cc/paper_files/paper/2024/file/c35986bc1ee29b31c1011481b77fe540-Paper-Conference.pdf,1
2024,Transformers Can Do Arithmetic with the Right Embeddings,https://proceedings.neurips.cc/paper_files/paper/2024/hash/c35986bc1ee29b31c1011481b77fe540-Abstract-Conference.html,1
1928,Transmission of Information,https://monoskop.org/images/a/a6/Hartley_Ralph_VL_1928_Transmission_of_Information.pdf,1
2005,Tree-Based Batch Mode Reinforcement Learning,https://www.jmlr.org/papers/volume6/ernst05a/ernst05a.pdf,1
1982,Two cortical visual systems,https://www.cns.nyu.edu/~tony/vns/readings/ungerleider-mishkin-1982.pdf,1
2025,Understanding the RoPE Extensions of Long-Context LLMs,https://aclanthology.org/2025.coling-main.600.pdf,1
1990,Unified Theories of Cognition,https://www.hup.harvard.edu/books/9780674921016,1
2018,Universal Transformer (UT),MISSING,1
2021,ViViT: A Video Vision Transformer,https://openaccess.thecvf.com/content/ICCV2021/papers/Arnab_ViViT_A_Video_Vision_Transformer_ICCV_2021_paper.pdf,1
1982,Vision: A Computational Investigation into the Human Representation and Processing of Visual Information,https://direct.mit.edu/books/monograph/3299/VisionA-Computational-Investigation-into-the-Human,1
2024,Voxel self-attention and center-point for 3D object detector,https://www.cell.com/iscience/fulltext/S2589-0042%2824%2901984-9,1
2025,Wavelet-based Positional Representation for Long Context,https://openreview.net/forum?id=OhauMUNW8T,1
1974,Working Memory,https://www.sciencedirect.com/science/article/pii/S0079742108604521,1
2012,"Working Memory: Theories, Models, and Controversies",https://pubmed.ncbi.nlm.nih.gov/21961947/,1
2025,Zero-Shot 4D LiDAR Panoptic Segmentation (SAL-4D),https://openaccess.thecvf.com/content/CVPR2025/papers/Zhang_Zero-Shot_4D_Lidar_Panoptic_Segmentation_CVPR_2025_paper.pdf,2
2013,word2vec (Skip-gram / CBOW),MISSING,1
